,EfficientNetB0,Ensemble (All),Ensemble (No EfficientNet),MobileNetV2,Random Forest,VGG16
EfficientNetB0,1.0,0.18651408827999885,1.0,1.0,1.0,0.20631915074275983
Ensemble (All),0.18651408827999885,1.0,1.0,0.12310450821168908,0.006808149220541812,1.0
Ensemble (No EfficientNet),1.0,1.0,1.0,0.9993206612336408,0.10483056674265309,1.0
MobileNetV2,1.0,0.12310450821168908,0.9993206612336408,1.0,1.0,0.13682138003115185
Random Forest,1.0,0.006808149220541812,0.10483056674265309,1.0,1.0,0.0077885395613796204
VGG16,0.20631915074275983,1.0,1.0,0.13682138003115185,0.0077885395613796204,1.0
