{
    "accuracy": 0.8990384615384616,
    "balanced_accuracy": 0.8995726495726496,
    "precision": 0.9017001698300632,
    "recall": 0.8990384615384616,
    "f1-score": 0.8996831552066584,
    "f1-macro": 0.8937671427220278,
    "auc": 0.9630067937760245
}