{
    "accuracy": 0.8942307692307693,
    "balanced_accuracy": 0.8948717948717949,
    "precision": 0.8971774193548386,
    "recall": 0.8942307692307693,
    "f1-score": 0.8949402158063575,
    "f1-macro": 0.8887916788179255,
    "auc": 0.9633574402805173
}