{
    "accuracy": 0.8990384615384616,
    "balanced_accuracy": 0.8978632478632479,
    "precision": 0.9008620689655172,
    "recall": 0.8990384615384616,
    "f1-score": 0.899547200394658,
    "f1-macro": 0.8934423341203002,
    "auc": 0.9631930747315364
}