{
    "accuracy": 0.8926282051282052,
    "balanced_accuracy": 0.8935897435897435,
    "precision": 0.8958335552880262,
    "recall": 0.8926282051282052,
    "f1-score": 0.8933823430210438,
    "f1-macro": 0.8871904740061575,
    "auc": 0.9630506245890862
}