{
    "accuracy": 0.9038461538461539,
    "balanced_accuracy": 0.8829059829059829,
    "precision": 0.9063443396226416,
    "recall": 0.9038461538461539,
    "f1-score": 0.9020878859588536,
    "f1-macro": 0.8940205391818294,
    "auc": 0.9706771860618014
}