{
    "accuracy": 0.8862179487179487,
    "balanced_accuracy": 0.8534188034188035,
    "precision": 0.8966640152720331,
    "recall": 0.8862179487179487,
    "f1-score": 0.8820118548394148,
    "f1-macro": 0.8708906574656639,
    "auc": 0.9589962743808899
}