{
    "accuracy": 0.9246794871794872,
    "balanced_accuracy": 0.908974358974359,
    "precision": 0.9260462904248573,
    "recall": 0.9246794871794872,
    "f1-score": 0.9237237637227823,
    "f1-macro": 0.9177600493529436,
    "auc": 0.9765285996055226
}