{
    "accuracy": 0.9102564102564102,
    "balanced_accuracy": 0.8854700854700854,
    "precision": 0.9161532864419113,
    "recall": 0.9102564102564102,
    "f1-score": 0.9079959699578678,
    "f1-macro": 0.8999816816266716,
    "auc": 0.9751150558842867
}