{
    "accuracy": 0.8990384615384616,
    "balanced_accuracy": 0.8696581196581197,
    "precision": 0.9078124415399771,
    "recall": 0.8990384615384616,
    "f1-score": 0.8958033815936014,
    "f1-macro": 0.8862812594917485,
    "auc": 0.9731645847030462
}