{
    "accuracy": 0.9230769230769231,
    "balanced_accuracy": 0.9119658119658121,
    "precision": 0.9230648064806481,
    "recall": 0.9230769230769231,
    "f1-score": 0.9225690475926276,
    "f1-macro": 0.9169098636247628,
    "auc": 0.9779859741398202
}