{
    "accuracy": 0.9134615384615384,
    "balanced_accuracy": 0.8923076923076922,
    "precision": 0.916933418693982,
    "recall": 0.9134615384615384,
    "f1-score": 0.911764705882353,
    "f1-macro": 0.9044117647058824,
    "auc": 0.9768792461100153
}