{
    "accuracy": 0.9182692307692307,
    "balanced_accuracy": 0.8995726495726495,
    "precision": 0.9206601102231374,
    "recall": 0.9182692307692307,
    "f1-score": 0.9169323687173223,
    "f1-macro": 0.9102049338754596,
    "auc": 0.9724523339907956
}