{
    "accuracy": 0.9134615384615384,
    "balanced_accuracy": 0.8965811965811966,
    "precision": 0.9146634615384616,
    "recall": 0.9134615384615384,
    "f1-score": 0.9123120712304773,
    "f1-macro": 0.9054152678441103,
    "auc": 0.9749945211483674
}