{
    "accuracy": 0.9150641025641025,
    "balanced_accuracy": 0.8935897435897435,
    "precision": 0.9189050630654193,
    "recall": 0.9150641025641025,
    "f1-score": 0.9133416352622776,
    "f1-macro": 0.9060793406924206,
    "auc": 0.9780736357659435
}