{
    "accuracy": 0.9294871794871795,
    "balanced_accuracy": 0.9188034188034189,
    "precision": 0.9295679567956796,
    "recall": 0.9294871794871795,
    "f1-score": 0.9290216269599085,
    "f1-macro": 0.9238340416560327,
    "auc": 0.9798268682884068
}