Model,accuracy,balanced_accuracy,precision,recall,f1-score,f1-macro,auc,f1_macro,f1_weighted
MobileNetV2,0.889423076923077,0.8672649572649572,0.8931496293910657,0.889423076923077,0.8869453004497523,0.8774176029882799,0.9544817006355469,,
VGG16,0.9182692307692308,0.9026495726495727,0.920574914683699,0.9182692307692308,0.9171598377171526,0.9106743762671783,0.9693732193732194,,
EfficientNetB0,0.8955128205128207,0.8958974358974359,0.8982813537452943,0.8955128205128207,0.8961870514899524,0.8900764207345138,0.9631536269997809,,
Random Forest,0.8782051282051281,0.8524786324786324,0.8820265452965368,0.8782051282051281,0.8752212717609197,0.8644536245243508,0.9450164365548982,,
Ensemble (All),0.9192307692307692,0.902051282051282,0.92122323810368,0.9192307692307692,0.9180327606115597,0.9115000928502781,0.9772605741836511,,
Ensemble (No EfficientNet),0.910897435897436,0.8899145299145299,0.9148069968616632,0.910897435897436,0.9090777307640545,0.9014796555600946,0.97387902695595,,
SVM (Ensemble Features),0.9342967741935484,0.9330598639221082,,,,,0.9789693256151806,0.9300223453365382,0.9344630121442388
Ensemble (RF+SVM),0.7243589743589743,0.6641025641025641,0.7250783510125361,0.7243589743589743,0.7032383180446962,0.6696176814627839,0.80152312075389,,
