{
    "accuracy": 0.8894230769230769,
    "balanced_accuracy": 0.8611111111111112,
    "precision": 0.8957320076340577,
    "recall": 0.8894230769230769,
    "f1-score": 0.886225316754522,
    "f1-macro": 0.8760446925444292,
    "auc": 0.959083936007013
}