{
    "accuracy": 0.8926282051282052,
    "balanced_accuracy": 0.8799145299145299,
    "precision": 0.8921507809078966,
    "recall": 0.8926282051282052,
    "f1-score": 0.8919744190235992,
    "f1-macro": 0.88412898576833,
    "auc": 0.9560924830155599
}