{
    "accuracy": 0.8573717948717948,
    "balanced_accuracy": 0.8183760683760684,
    "precision": 0.8697019211725094,
    "recall": 0.8573717948717948,
    "f1-score": 0.8508351266859728,
    "f1-macro": 0.8360565725267232,
    "auc": 0.9434363357440281
}