{
    "accuracy": 0.9006410256410257,
    "balanced_accuracy": 0.8846153846153846,
    "precision": 0.9009090492764243,
    "recall": 0.9006410256410257,
    "f1-score": 0.8995532469275244,
    "f1-macro": 0.8918399069590598,
    "auc": 0.9545912776682008
}