{
    "accuracy": 0.907051282051282,
    "balanced_accuracy": 0.8923076923076922,
    "precision": 0.9072543879644405,
    "recall": 0.907051282051282,
    "f1-score": 0.9061383928571428,
    "f1-macro": 0.8990178571428571,
    "auc": 0.9592044707429324
}