{
    "accuracy": 0.8701923076923077,
    "balanced_accuracy": 0.8329059829059828,
    "precision": 0.8830779360316566,
    "recall": 0.8701923076923077,
    "f1-score": 0.8644820946453229,
    "f1-macro": 0.8511866732224929,
    "auc": 0.9501588866973483
}