{
    "accuracy": 0.8830128205128205,
    "balanced_accuracy": 0.861965811965812,
    "precision": 0.8840097469080188,
    "recall": 0.8830128205128205,
    "f1-score": 0.8810992728698925,
    "f1-macro": 0.8714698073119322,
    "auc": 0.9473591935130397
}