{
    "accuracy": 0.8974358974358975,
    "balanced_accuracy": 0.8769230769230769,
    "precision": 0.8992069823096054,
    "recall": 0.8974358974358975,
    "f1-score": 0.8956930446965246,
    "f1-macro": 0.8871966375920821,
    "auc": 0.9493808897655052
}