{
    "accuracy": 0.8878205128205128,
    "balanced_accuracy": 0.8658119658119658,
    "precision": 0.8895990566037736,
    "recall": 0.8878205128205128,
    "f1-score": 0.8857692002853295,
    "f1-macro": 0.8763572957121344,
    "auc": 0.9451950471181241
}