{
    "accuracy": 0.8525641025641025,
    "balanced_accuracy": 0.8247863247863247,
    "precision": 0.8542390046296297,
    "recall": 0.8525641025641025,
    "f1-score": 0.849062746307529,
    "f1-macro": 0.8360577087831123,
    "auc": 0.9329881656804734
}