{
    "accuracy": 0.9198717948717948,
    "balanced_accuracy": 0.9008547008547008,
    "precision": 0.922569330392755,
    "recall": 0.9198717948717948,
    "f1-score": 0.91851019116916,
    "f1-macro": 0.9118723731188141,
    "auc": 0.9630615822923515
}