{
    "accuracy": 0.9086538461538461,
    "balanced_accuracy": 0.8858974358974359,
    "precision": 0.9127622377622379,
    "recall": 0.9086538461538461,
    "f1-score": 0.9066766566766566,
    "f1-macro": 0.8987678987678988,
    "auc": 0.9662776682007451
}