{
    "accuracy": 0.9278846153846154,
    "balanced_accuracy": 0.926923076923077,
    "precision": 0.9288057742782152,
    "recall": 0.9278846153846154,
    "f1-score": 0.928144042287644,
    "f1-macro": 0.9236473093018134,
    "auc": 0.9751260135875521
}