{
    "accuracy": 0.9150641025641025,
    "balanced_accuracy": 0.8952991452991452,
    "precision": 0.9178090046222787,
    "recall": 0.9150641025641025,
    "f1-score": 0.9135661873860118,
    "f1-macro": 0.9064851338168554,
    "auc": 0.9759861932938856
}