{
    "accuracy": 0.9198717948717948,
    "balanced_accuracy": 0.9042735042735043,
    "precision": 0.920928226363009,
    "recall": 0.9198717948717948,
    "f1-score": 0.9189021110662902,
    "f1-macro": 0.9125991663305096,
    "auc": 0.9664146394915626
}