,EfficientNetB0,Ensemble (Sem EfficientNet),Ensemble (Todos),MobileNetV2,Random Forest,VGG16
EfficientNetB0,1.0,0.05294362045268235,0.10935196412800684,0.48165810310204704,0.01673721772702454,0.18461120367692568
Ensemble (Sem EfficientNet),0.05294362045268235,1.0,1.0,1.0,1.0,1.0
Ensemble (Todos),0.10935196412800684,1.0,1.0,1.0,1.0,1.0
MobileNetV2,0.48165810310204704,1.0,1.0,1.0,1.0,1.0
Random Forest,0.01673721772702454,1.0,1.0,1.0,1.0,1.0
VGG16,0.18461120367692568,1.0,1.0,1.0,1.0,1.0
